{
  "base_spec": "/pa/units/land_bots/base_bot/base_bot.json",
  "display_name": "Stinger",
  "description": "Skirmish Anti-Air Bot: Fires missiles at both Ground & Air targets. Weak vs Heavy and Assault",
  "max_health": 100,
  "build_metal_cost": 150,
  "attachable": {
    "offsets": {
      "head": [
        0,
        0.3,
        3
      ],
      "root": [
        0,
        0,
        0
      ]
    }
  },
  "unit_types": [
    "UNITTYPE_Bot",
    "UNITTYPE_Mobile",
    "UNITTYPE_AirDefense",
    "UNITTYPE_Basic",
    "UNITTYPE_FactoryBuild",
        "UNITTYPE_CannonBuildable"
  ],
  "transportable": {
    "size": 1
  },
  "guard_layer": "WL_AnySurface",
  "navigation": {
    "type": "land-small",
    "move_speed": 10,
    "turn_speed": 720,
    "brake": 120,
    "acceleration": 120
  },
  "physics": {
    "push_class": 2,
    "radius": 2.25
  },
  "recon": {
    "observer": {
      "items": [
        {
          "shape": "capsule",
          "channel": "sight",
          "radius": 100,
          "layer": "surface_and_air"
        }
      ]
    }
  },
  "model": {
    "animations": {
      "death01": "/pa/units/land_bots/bot_antiair/bot_antiair_anim_death01.papa",
      "aim_up": "/pa/units/land_bots/bot_antiair/bot_antiair_anim_aimUp.papa",
      "walk": "/pa/units/land_bots/bot_antiair/bot_antiair_anim_run.papa",
      "aim_down": "/pa/units/land_bots/bot_antiair/bot_antiair_anim_aimDown.papa"
    },
    "arrows": 5,
    "animtree": "/pa/anim/anim_trees/bot_antiair_anim_tree.json",
    "walk_speed": 11.2,
    "filename": "/pa/units/land_bots/bot_antiair/bot_antiair.papa"
  },
  "tools": [
    {
      "aim_bone": "bone_turret",
      "spec_id": "/pa/units/land_bots/bot_antiair/bot_antiair_tool_weapon.json",
      "muzzle_bone": [
        "socket_rightMuzzle",
        "socket_leftMuzzle"
      ]
    }
  ],
  "events": {
    "build_complete": {
      "audio_cue": "/SE/Build_Complete/bot"
    },
    "died": {
      "audio_cue": "/SE/Death/bot",
      "effect_scale": 0.6
    },
    "fired": {
      "audio_cue": "/SE/Weapons/structure/air_defense_fire",
      "effect_spec": "/pa/effects/specs/default_muzzle_flash.pfx socket_leftMuzzle /pa/effects/specs/default_muzzle_flash.pfx socket_rightMuzzle"
    }
  },
  "audio": {
    "loops": {
      "move": {
        "should_stop_func": "is_not_moving",
        "flag": "vel_changed",
        "should_start_func": "is_moving",
        "cue": "/SE/Movement/bot/aa_loop"
      }
    },
	        "selection_response": {
            "cue": "/SE/Selection/bot/assault"
        }
  },
  "TEMP_texelinfo": 5.47132,
  "nearby_target_tick_update_interval": 3,
  "display_index": 80,
  "display_group": 60,
  "mesh_bounds":[
    4.5,
    3,
    3.8
  ]
}