{
  "base_spec": "/pa/tools/anti_missile/anti_nuke.json",
  "ammo_id": "/pa/units/land_combat/anti_nuke_launcher/anti_nuke_launcher_ammo.json",
  "ammo_source": "factory",
  "rate_of_fire": 0.5,
  "max_range": 400,
  "yaw_rate": 0,
  "pitch_rate": 0,
  "yaw_range": 180,
  "pitch_range": 180,
  "spread_fire": true,
  "firing_arc_yaw": 180,
  "firing_arc_pitch": 180,
  "manual_fire": true,
  "auto_attack": false,
  "target_layers": [
    "WL_LandHorizontal",
    "WL_WaterSurface",
    "WL_Orbital"
  ]
}