{
  "base_spec": "/pa/tools/artillery/artillery.json",
  "ammo_id": "/pa/units/land_vehicles/tank_artillery/tank_artillery_ammo.json",
  "rate_of_fire": 0.25,
  "idle_aim_delay": 10,
  "max_range": 250,
  "ammo_source": "energy",
  "ammo_capacity": 5000,
  "ammo_demand": 750,
  "ammo_per_shot": 5000,
  "yaw_rate": 30,
  "pitch_rate": 30,
  "yaw_range": 180,
  "pitch_range": 89,
  "spread_fire": true,
  "auto_attack": true,
  "target_layers": [
    "WL_LandHorizontal",
    "WL_Seafloor",
    "WL_WaterSurface"
  ]
}