{
	"base_spec": "/pa/units/land_vehicles/base_vehicle/base_vehicle.json", 
    "display_name": "Fusillade", 
	"description": "Anti-air Riot-Control Tank: Powerful tank armed with 4 flak cannons. Weak vs Ground and Heavy-Hitters", 
	"max_health": 600,
	"build_metal_cost": 400, 
	"TEMP_texelinfo": 5.84968, 
	"attachable": {
		"offsets": {
			"head": [
			0, 
			0, 
			2.7
			], 
			"root": [
			0, 
			0, 
			0
			]
		}
	}, 
  "unit_types": [
    "UNITTYPE_Tank", 
    "UNITTYPE_Mobile", 
    "UNITTYPE_Land", 
    "UNITTYPE_Advanced", 
    "UNITTYPE_FactoryBuild",
    "UNITTYPE_AirDefense"
  ],
  "transportable": {
    "size": 1
  }, 
  "guard_layer": "WL_Air", 
  "navigation": {
    "acceleration": 100, 
    "brake": 100, 
    "move_speed": 13, 
    "turn_speed": 90, 
    "type": "land-small"
  }, 
    "physics": {
    "push_class": 60, 
    "radius": 4
  }, 
    "recon": {
    "observer": {
      "items": [
        {
          "channel": "sight", 
          "layer": "surface_and_air", 
          "radius": 140, 
          "shape": "capsule"
        }
      ]
    }
  }, 
    "model": {
    "animtree": "/pa/anim/anim_trees/tank_flak_anim_tree.json", 
    "arrows": 5, 
    "filename": "/pa/units/land_vehicles/tank_flak/tank_flak.papa"
  }, 
    "tools": [
    {
      "aim_bone": "bone_pitch", 
      "muzzle_bone": [
        "socket_rightMuzzle01", 
        "socket_leftMuzzle02"
      ], 
      "spec_id": "/pa/units/land_vehicles/tank_flak/tank_flak_tool_weapon.json"
    }, 
    {
      "aim_bone": "bone_pitch", 
      "muzzle_bone": [
        "socket_leftMuzzle01", 
        "socket_rightMuzzle02"
      ], 
      "spec_id": "/pa/units/land_vehicles/tank_flak/tank_flak_tool_weapon.json"
    },
    {
      "aim_bone": "bone_pitch", 
      "muzzle_bone": [
        "socket_leftMuzzle01", 
        "socket_rightMuzzle02"
      ], 
      "spec_id": "/pa/units/land_vehicles/tank_flak/tank_flak_antimissile_tool_weapon.json"
    }
  ],	
  "events": {
    "build_complete": {
      "audio_cue": "/SE/Build_Complete/veh"
    }, 
    "died": {
      "audio_cue": "/SE/Death/Veh"
    }, 
    "fired": {
      "audio_cue": "/SE/Weapons/structure/air_defense_fire", 
      "effect_spec": "/pa/effects/specs/default_muzzle_flash.pfx socket_rightMuzzle01 /pa/effects/specs/default_muzzle_flash.pfx socket_leftMuzzle01"
    }
  }, 
  "audio": {
    "loops": {
      "move": {
        "cue": "/SE/Movement/veh/tank_light_laser_loop", 
        "flag": "vel_changed", 
        "should_start_func": "is_moving", 
        "should_stop_func": "is_not_moving"
      }
    }, 
        "selection_response": {
            "cue": "/SE/Selection/veh/aa_missile_vehicle"
        }
    },
  "headlights": [
    {
      "color": [
        0.9, 
        0.92, 
        1.0
      ], 
      "far_distance": 20.0, 
      "gobo": "/pa/effects/textures/gobo/spotlight_gobo.papa", 
      "intensity": 1.4, 
      "near_distance": 1.2, 
      "near_height": 2.0, 
      "near_width": 2.0, 
      "offset": [
        0.0, 
        -1.0, 
        1.5
      ], 
      "orientation": [
        0.0, 
        65.0, 
        0.0
      ]
    }
  ],  
  "mesh_bounds": [
    5.3, 
    9, 
    4.2
  ], 
  "wreckage_health_frac": 1.0
}