{
    "tool_type": "TOOL_Weapon",
    "ammo_id": "/pa/ammo/flamethrower/intense.json",
    "target_layers": [
        "WL_LandHorizontal",
        "WL_WaterSurface",
        "WL_Air"
    ],
    "rate_of_fire": 0.8,
    "max_range": 60,
    "yaw_rate": 45,
    "pitch_rate": 30,
    "yaw_range": 180,
    "pitch_range": 30,
    "auto_attack": true,
    "target_priorities": [
        "Mobile - Air",
        "Naval",
        "Structure - Wall",
        "Wall",
        "Air"
    ],
    "range_height": 45
}