{
  "base_spec": "/pa/tools/energy_shell/emg.json",
  "ammo_id": "/pa/units/air/gunship/gunship_ammo.json",
  "ammo_source": "energy",
  "ammo_capacity": 3000,
  "ammo_demand": 25,
  "ammo_per_shot": 40,
  "rate_of_fire": 6,
  "idle_aim_delay": 0.25,
  "max_range": 80,
  "yaw_rate": 360,
  "pitch_rate": 360,
  "yaw_range": 360,
  "pitch_range": 100,
  "auto_attack": true,
  "firing_standard_deviation": 4,
  "target_layers": [
    "WL_LandHorizontal",
    "WL_WaterSurface",
    "WL_Seafloor"
  ]
}