{
  "ammo_type": "AMMO_Projectile",
  "flight_type": "Ballistic",
  "spawn_layers": "WL_Air",
  "model": {
    "filename": "/pa/units/land/bot_bomb/bot_bomb.papa"
  },
   "fx_trail": {
    "filename": "/pa/effects/specs/shell_artillery_large_proj_trail.pfx",
    "offset": [
      0,
      1,
      0
    ]
  },
  "physics": {
    "radius": 1,
    "push_class": 1,
    "gravity_scalar": 10,
    "add_to_spatial_db": false,
    "allow_underground": true
  },
  "damage": 350,
  "splash_damage": 350,
  "splash_radius": 15,
  "splash_damages_allies": false,
  "min_velocity": 40,
  "initial_velocity": 80,
  "max_velocity": 80,
  "lifetime": 10,
  "turn_rate": 0,
  "full_damage_splash_radius": 1,
  "audio_loop": "/SE/Movement/missile/artillery_long_missile_fly_loop",
  "events": {
    "died": {
      "audio_cue": "/SE/Impacts/shell_artillery",
      "effect_spec": "/pa/effects/specs/default_building_explosion.pfx"
    }
  }
}