{
  "base_spec": "/pa/tools/base_tool/base_turret.json",
  "ammo_id": "/pa/ammo/anti_missile/flak.json",
  "rate_of_fire": 0.2,
  "idle_aim_delay": 4,
  "max_range": 90,
  "yaw_rate": 360,
  "pitch_rate": 360,
  "yaw_range": 180,
  "pitch_range": 89,
  "spread_fire": true,
  "auto_attack": true,
  "manual_fire": true,
  "auto_task_type": "anti_entity",
  "anti_entity_targets": [
    "/pa/units/land_combat/tactical_missile_launcher/tactical_missile_launcher_ammo.json",
    "/pa/units/surfacenaval_units/missile_ship/missile_ship_ammo.json",
    "/pa/units/land_bots/bot_tactical_missile/bot_tactical_missile_ammo.json",
    "/pa/units/land_econ/unit_cannon/unit_cannon_deploy.json"
  ],
  "target_layers": [
    "WL_Air"
  ]
}