{
  "base_spec": "/pa/tools/base_tool/base_turret.json",
  "ammo_id": "/pa/ammo/bomb/light.json",
  "ammo_source": "energy",
  "rate_of_fire": 20,
  "ammo_capacity": 750,
  "ammo_demand": 75,
  "ammo_per_shot": 50,
  "max_range": 30,
  "yaw_rate": 3600,
  "pitch_rate": 3600,
  "yaw_range": 180,
  "pitch_range": 180,
  "auto_attack": true,
  "spread_fire": false,
  "carpet_fire": true,
  "firing_standard_deviation": 25,
  "target_layers": [
    "WL_LandHorizontal",
    "WL_WaterSurface",
    "WL_Seafloor"
  ],
  "events": {
    "died": {
      "audio_cue": "/SE/Impacts/shell_artillery",
      "effect_spec": "/pa/effects/specs/default_proj_area_explosion.pfx"
    }
  }
}