{
  "nearby_target_tick_update_interval": 15,
  "model": {
    "arrows": 5,
    "filename": "/pa/units/sea/destroyer/destroyer.papa",
    "animtree": "/pa/anim/anim_trees/destroyer_anim_tree.json"
  },
  "guard_layer": "WL_AnySurface",
  "physics": {
    "radius": 10,
    "shape": "box",
    "push_class": 2
  },
  "spawn_layers": "WL_WaterSurface",
  "base_spec": "/pa/units/surfacenaval_units/base_ship/base_ship.json",
  "recon": {
    "observer": {
      "items": [
        {
          "shape": "capsule",
          "radius": 150,
          "layer": "surface_and_air",
          "channel": "sight"
        }
      ]
    }
  },
  "mesh_bounds": [
    5,
    40,
    5
  ],
  "audio": {
    "loops": {
      "move": {
        "flag": "vel_changed",
        "should_stop_func": "is_not_moving",
        "should_start_func": "is_moving",
        "cue": "/SE/Movement/sea/destroyer_loop"
      }
    }
  },
  "display_index": 80,
  "tools": [
    {
      "aim_bone": "bone_pitch01", 
      "fire_event": "fired0", 
      "muzzle_bone": "socket_rightMuzzle01", 
      "record_index": 0, 
      "spec_id": "/pa/units/surfacenaval_units/destroyer/destroyer_tool_weapon.json"
    }, 
    {
      "aim_bone": "bone_pitch01", 
      "fire_event": "fired0", 
      "muzzle_bone": "socket_leftMuzzle01", 
      "record_index": 0, 
      "spec_id": "/pa/units/surfacenaval_units/destroyer/destroyer_tool_weapon.json"
    }, 
    {
      "aim_bone": "bone_pitch02", 
      "fire_event": "fired1", 
      "muzzle_bone": "socket_rightMuzzle02", 
      "record_index": 1, 
      "spec_id": "/pa/units/surfacenaval_units/destroyer/destroyer_tool_weapon.json"
    }, 
    {
      "aim_bone": "bone_pitch02", 
      "fire_event": "fired1", 
      "muzzle_bone": "socket_leftMuzzle02", 
      "record_index": 1, 
      "spec_id": "/pa/units/surfacenaval_units/destroyer/destroyer_tool_weapon.json"
    }
  ],
  "TEMP_texelinfo": 22.1895,
  "build_metal_cost": 900,
  "navigation": {
    "aggressive_distance": 180,
    "brake": 12,
    "acceleration": 4,
    "move_speed": 18,
    "turn_speed": 20,
    "type": "deepwater"
  },
  "unit_types": [
    "UNITTYPE_Naval",
    "UNITTYPE_Mobile",
    "UNITTYPE_Basic",
    "UNITTYPE_FactoryBuild"
  ],
  "events": {
    "died": {
      "audio_cue": "/SE/Death/Sea_large", 
      "effect_scale": 1.0, 
      "effect_spec": "/pa/effects/specs/default_building_explosion.pfx"
    },
    "build_complete": {
      "audio_cue": "/SE/Build_Complete/sea"
    },
    "fired0": {
      "audio_cue": "/SE/Weapons/sea/destroyer_fire", 
      "effect_scale": 5.0, 
      "effect_spec": "/pa/effects/specs/tank_muzzle_flash.pfx socket_rightMuzzle01 /pa/effects/specs/tank_muzzle_flash.pfx socket_leftMuzzle01"
    }, 
    "fired1": {
      "audio_cue": "/SE/Weapons/sea/destroyer_fire", 
      "effect_scale": 5.0, 
      "effect_spec": "/pa/effects/specs/tank_muzzle_flash.pfx socket_rightMuzzle02 /pa/effects/specs/tank_muzzle_flash.pfx socket_leftMuzzle02"
    }
  },
  "display_group": 60,
  "max_health": 2500,
  "description": "Medium Assault Ship: Destroyer with two medium-range twin-cannon turrets. Weak vs Heavy-Hitting & Heavy",
  "display_name": "Bluebottle"
}