{
  "base_spec": "/pa/tools/base_tool/base_turret.json",
  "ammo_id": "/pa/ammo/torpedo/heavy.json",
  "spawn_layers": "WL_Underwater",
  "rate_of_fire": 2,
  "max_range": 250,
  "ammo_source": "energy",
  "ammo_capacity": 900,
  "ammo_demand": 60,
  "ammo_per_shot": 300,
  "yaw_rate": 180,
  "pitch_rate": 180,
  "yaw_range": 180,
  "pitch_range": 180,
  "auto_attack": true,
  "spread_fire": true,
  "target_layers": [
    "WL_WaterSurface",
    "WL_Underwater",
    "WL_Seafloor"
  ]
}