{
  "build_list": [
    {
      "build_conditions": [
        [
          {
            "boolean": false, 
            "test_type": "AloneOnPlanet"
          }, 
          {
            "test_type": "NeedBasicAirFactory"
          }, 
          {
            "string0": "BasicAirFactory", 
            "test_type": "CanAffordPotentialDrain"
          }, 
          {
            "boolean": false, 
            "test_type": "HaveEcoForAdvanced"
          }, 
          {
            "compare0": "<=", 
            "test_type": "UnitRatioOnPlanet", 
            "unit_type_string0": "Factory & Basic - Orbital - NukeDefense - Nuke", 
            "unit_type_string1": "Fabber & Basic", 
            "value0": 0.5
          }, 
          {
            "string0": "BasicAirFactory", 
            "test_type": "CanFindPlaceToBuild"
          }
        ], 
        [
          {
            "boolean": false, 
            "test_type": "AloneOnPlanet"
          }, 
          {
            "test_type": "NeedBasicAirFactory"
          }, 
          {
            "string0": "BasicAirFactory", 
            "test_type": "CanAffordPotentialDrain"
          }, 
          {
            "boolean": false, 
            "test_type": "HaveEcoForAdvanced"
          }, 
          {
            "compare0": ">=", 
            "test_type": "UnitCountOnPlanet", 
            "unit_type_string0": "Fabber & Basic", 
            "value0": 5
          }, 
          {
            "string0": "BasicAirFactory", 
            "test_type": "CanFindPlaceToBuild"
          }
        ], 
        [
          {
            "boolean": false, 
            "test_type": "AloneOnPlanet"
          }, 
          {
            "test_type": "NeedBasicAirFactory"
          }, 
          {
            "string0": "BasicAirFactory", 
            "test_type": "CanAffordPotentialDrain"
          }, 
          {
            "boolean": true, 
            "test_type": "HaveEcoForAdvanced"
          }, 
          {
            "compare0": "<", 
            "test_type": "UnitRatioOnPlanet", 
            "unit_type_string0": "Factory & Basic - Orbital - NukeDefense - Nuke", 
            "unit_type_string1": "Factory & Advanced - Orbital - NukeDefense - Nuke", 
            "value0": 5
          }, 
          {
            "compare0": "<=", 
            "test_type": "UnitRatioOnPlanet", 
            "unit_type_string0": "Factory & Basic - Orbital - NukeDefense - Nuke", 
            "unit_type_string1": "Fabber & Basic", 
            "value0": 0.5
          }, 
          {
            "string0": "BasicAirFactory", 
            "test_type": "CanFindPlaceToBuild"
          }
        ], 
        [
          {
            "boolean": false, 
            "test_type": "AloneOnPlanet"
          }, 
          {
            "test_type": "NeedBasicAirFactory"
          }, 
          {
            "string0": "BasicAirFactory", 
            "test_type": "CanAffordPotentialDrain"
          }, 
          {
            "boolean": true, 
            "test_type": "HaveEcoForAdvanced"
          }, 
          {
            "compare0": "<", 
            "test_type": "UnitRatioOnPlanet", 
            "unit_type_string0": "Factory & Basic - Orbital - NukeDefense - Nuke", 
            "unit_type_string1": "Factory & Advanced - Orbital - NukeDefense - Nuke", 
            "value0": 5
          }, 
          {
            "compare0": ">=", 
            "test_type": "UnitCountOnPlanet", 
            "unit_type_string0": "Fabber & Basic", 
            "value0": 5
          }, 
          {
            "string0": "BasicAirFactory", 
            "test_type": "CanFindPlaceToBuild"
          }
        ], 
        [
          {
            "boolean": true, 
            "test_type": "AloneOnPlanet"
          }, 
          {
            "test_type": "NeedBasicAirFactory"
          }, 
          {
            "string0": "BasicAirFactory", 
            "test_type": "CanAffordPotentialDrain"
          }, 
          {
            "compare0": "<", 
            "test_type": "UnitCountOnPlanet", 
            "unit_type_string0": "Factory & Basic - Orbital - NukeDefense - Nuke", 
            "value0": 3
          }, 
          {
            "boolean": false, 
            "test_type": "HaveEcoForAdvanced"
          }, 
          {
            "string0": "BasicAirFactory", 
            "test_type": "CanFindPlaceToBuild"
          }
        ], 
        [
          {
            "boolean": true, 
            "test_type": "AloneOnPlanet"
          }, 
          {
            "test_type": "NeedBasicAirFactory"
          }, 
          {
            "string0": "BasicAirFactory", 
            "test_type": "CanAffordPotentialDrain"
          }, 
          {
            "compare0": "<", 
            "test_type": "UnitCountOnPlanet", 
            "unit_type_string0": "Factory & Basic - Orbital - NukeDefense - Nuke", 
            "value0": 1
          }, 
          {
            "string0": "BasicAirFactory", 
            "test_type": "CanFindPlaceToBuild"
          }
        ]
      ], 
      "builders": [
        "Commander", 
        "AnyBasicFabber", 
        "AnyAdvancedFabber"
      ], 
      "instance_count": 1, 
      "max_num_assisters": 5, 
      "min_num_assisters": 3, 
      "name": "Basic Air Factory", 
      "placement_rules": {
        "buffer": 15, 
        "threat": {
          "compare_type": "<", 
          "influence_type": "AntiSurface", 
          "radius": 10, 
          "value": 50
        }
      }, 
      "priority": 375, 
      "shared_instance_count": "BasicFactory", 
      "to_build": "BasicAirFactory"
    }, 
    {
      "build_conditions": [
        [
          {
            "boolean": false, 
            "test_type": "AloneOnPlanet"
          }, 
          {
            "test_type": "NeedAdvancedAirFactory"
          }, 
          {
            "string0": "AdvancedAirFactory", 
            "test_type": "CanAffordPotentialDrain"
          }, 
          {
            "boolean": true, 
            "test_type": "HaveEcoForAdvanced"
          }, 
          {
            "compare0": "<=", 
            "test_type": "UnitRatioOnPlanet", 
            "unit_type_string0": "Factory & Advanced - Orbital - NukeDefense - Nuke", 
            "unit_type_string1": "Fabber & Advanced", 
            "value0": 0.5
          }, 
          {
            "string0": "AdvancedAirFactory", 
            "test_type": "CanFindPlaceToBuild"
          }
        ], 
        [
          {
            "boolean": false, 
            "test_type": "AloneOnPlanet"
          }, 
          {
            "test_type": "NeedAdvancedAirFactory"
          }, 
          {
            "string0": "AdvancedAirFactory", 
            "test_type": "CanAffordPotentialDrain"
          }, 
          {
            "boolean": true, 
            "test_type": "HaveEcoForAdvanced"
          }, 
          {
            "compare0": ">=", 
            "test_type": "UnitCountOnPlanet", 
            "unit_type_string0": "Fabber & Advanced", 
            "value0": 3
          }, 
          {
            "string0": "AdvancedAirFactory", 
            "test_type": "CanFindPlaceToBuild"
          }
        ], 
        [
          {
            "boolean": true, 
            "test_type": "AloneOnPlanet"
          }, 
          {
            "test_type": "NeedAdvancedAirFactory"
          }, 
          {
            "string0": "AdvancedAirFactory", 
            "test_type": "CanAffordPotentialDrain"
          }, 
          {
            "compare0": "<", 
            "test_type": "UnitCountOnPlanet", 
            "unit_type_string0": "Factory & Advanced - Orbital - NukeDefense - Nuke", 
            "value0": 3
          }, 
          {
            "boolean": true, 
            "test_type": "HaveEcoForAdvanced"
          }, 
          {
            "string0": "AdvancedAirFactory", 
            "test_type": "CanFindPlaceToBuild"
          }
        ]
      ], 
      "builders": [
        "BasicAirFabber", 
        "AdvancedAirFabber"
      ], 
      "instance_count": 1, 
      "max_num_assisters": 10, 
      "min_num_assisters": 5, 
      "name": "Advanced Air Factory", 
      "placement_rules": {
        "buffer": 15, 
        "threat": {
          "compare_type": "<", 
          "influence_type": "AntiSurface", 
          "radius": 10, 
          "value": 50
        }
      }, 
      "priority": 477, 
      "shared_instance_count": "AdvancedFactory", 
      "to_build": "AdvancedAirFactory"
    }
  ]
}