{
  "unit_map": {
    "AdvancedAirDefenseMissile": {
      "spec_id": "/pa/units/land_combat/air_defense_missile_adv/air_defense_missile_adv.json"
    }, 
    "AdvancedAirFabber": {
      "spec_id": "/pa/units/air/fabrication_aircraft_adv/fabrication_aircraft_adv.json"
    }, 
    "AdvancedAirFactory": {
      "spec_id": "/pa/units/land_econ/air_factory_adv/air_factory_adv.json"
    }, 
    "AdvancedArmorTank": {
      "spec_id": "/pa/units/land_vehicles/tank_heavy_armor/tank_heavy_armor.json"
    }, 
    "AdvancedArtilleryBot": {
      "spec_id": "/pa/units/land_bots/bot_sniper/bot_sniper.json"
    }, 
    "AdvancedArtilleryVehicle": {
      "spec_id": "/pa/units/land_vehicles/tank_artillery/tank_artillery.json"
    }, 
    "AdvancedAssaultBot": {
      "spec_id": "/pa/units/land_bots/bot_flamer/bot_flamer.json"
    }, 
    "AdvancedBomber": {
      "spec_id": "/pa/units/air/bomber_adv/bomber_adv.json"
    }, 
    "AdvancedBotCombatFabber": {
      "spec_id": "/pa/units/land_bots/fabrication_bot_combat_adv/fabrication_bot_combat_adv.json"
    }, 
    "AdvancedBotFabber": {
      "spec_id": "/pa/units/land_bots/fabrication_bot_adv/fabrication_bot_adv.json"
    }, 
    "AdvancedBotFactory": {
      "spec_id": "/pa/units/land_econ/bot_factory_adv/bot_factory_adv.json"
    }, 
    "AdvancedEnergyGenerator": {
      "spec_id": "/pa/units/land_econ/energy_plant_adv/energy_plant_adv.json"
    }, 
    "AdvancedGunship": {
      "spec_id": "/pa/units/air/gunship/gunship.json"
    }, 
    "AdvancedLandDefense": {
      "spec_id": "/pa/units/land_combat/laser_defense_triple/laser_defense_triple.json"
    }, 
    "AdvancedLaserTank": {
      "spec_id": "/pa/units/land_vehicles/tank_double_cannon/tank_double_cannon.json"
    }, 
    "AdvancedMetalExtractor": {
      "spec_id": "/pa/units/land_econ/metal_extractor_adv/metal_extractor_adv.json"
    }, 
    "AdvancedNavalDefense": {
      "spec_id": "/pa/units/surfacenaval_combat/torpedo_launcher_adv/torpedo_launcher_adv.json"
    }, 
    "AdvancedNavalFabber": {
      "spec_id": "/pa/units/surfacenaval_units/fabrication_ship_adv/fabrication_ship_adv.json"
    }, 
    "AdvancedNavalFactory": {
      "spec_id": "/pa/units/surfacenaval_econ/naval_factory_adv/naval_factory_adv.json"
    }, 
    "AdvancedRadar": {
      "spec_id": "/pa/units/land_utility/radar_adv/radar_adv.json"
    }, 
    "AdvancedRadarSattelite": {
      "spec_id": "/pa/units/orbital_units/radar_satellite_adv/radar_satellite_adv.json"
    }, 
    "AdvancedVehicleFabber": {
      "spec_id": "/pa/units/land_vehicles/fabrication_vehicle_adv/fabrication_vehicle_adv.json"
    }, 
    "AdvancedVehicleFactory": {
      "spec_id": "/pa/units/land_econ/vehicle_factory_adv/vehicle_factory_adv.json"
    }, 
    "AirScout": {
      "spec_id": "/pa/units/air/air_scout/air_scout.json"
    }, 
    "AntiNukeMissile": {
      "spec_id": "/pa/units/land_combat/anti_nuke_launcher/anti_nuke_launcher_ammo.json"
    }, 
    "AntiNukeSilo": {
      "spec_id": "/pa/units/land_combat/anti_nuke_launcher/anti_nuke_launcher.json"
    }, 
    "AnyAdvancedFabber": {
      "unit_types": "(Fabber & (Advanced | Debug)) - Orbital"
    }, 
    "AnyAdvancedFactory": {
      "unit_types": "Factory & Advanced"
    }, 
    "AnyBasicFabber": {
      "unit_types": "(Fabber & (Basic | Debug)) - Orbital"
    }, 
    "AnyBasicFactory": {
      "unit_types": "Factory & Basic"
    }, 
    "BasicAASkirmishBot": {
      "spec_id": "/pa/units/land_bots/bot_antiair/bot_antiair.json"
    }, 
    "BasicAAGatlingTank": {
      "spec_id": "/pa/units/land_vehicles/tank_gattling/tank_gattling.json"
    }, 
    "BasicAAMissileVehicle": {
      "spec_id": "/pa/units/land_vehicles/vehicle_missile/vehicle_missile.json"
    },
    "AdvancedAAFlakTank": {
      "spec_id": "/pa/units/land_vehicles/tank_flak/tank_flak.json"
    },
    "BasicAirDefenseFlak": {
      "spec_id": "/pa/units/land_combat/air_defense_flak/air_defense_flak.json"
    }, 
    "BasicAirDefenseMissile": {
      "spec_id": "/pa/units/land_combat/air_defense_missile/air_defense_missile.json"
    }, 
    "BasicAirFabber": {
      "spec_id": "/pa/units/air/fabrication_aircraft/fabrication_aircraft.json"
    }, 
    "BasicAirFactory": {
      "spec_id": "/pa/units/land_econ/air_factory/air_factory.json"
    }, 
    "BasicArmorTank": {
      "spec_id": "/pa/units/land_vehicles/tank_flamer/tank_flamer.json"
    }, 
    "BasicArtillery": {
      "spec_id": "/pa/units/land_combat/artillery_short/artillery_short.json"
    }, 
    "BasicArtilleryBot": {
      "spec_id": "/pa/units/land_bots/bot_mortar/bot_mortar.json"
    }, 
    "BasicAssaultBot": {
      "spec_id": "/pa/units/land_bots/bot_assault/bot_assault.json"
    }, 
    "BasicBomber": {
      "spec_id": "/pa/units/air/bomber/bomber.json"
    }, 
    "BasicBotCombatFabber": {
      "spec_id": "/pa/units/land_bots/fabrication_bot_combat/fabrication_bot_combat.json"
    }, 
    "BasicBotFabber": {
      "spec_id": "/pa/units/land_bots/fabrication_bot/fabrication_bot.json"
    }, 
    "BasicBotFactory": {
      "spec_id": "/pa/units/land_econ/bot_factory/bot_factory.json"
    }, 
    "BasicEnergyGenerator": {
      "spec_id": "/pa/units/land_econ/energy_plant/energy_plant.json"
    }, 
    "BasicFighter": {
      "spec_id": "/pa/units/air/fighter/fighter.json"
    }, 
    "BasicLandDefense": {
      "spec_id": "/pa/units/land_combat/laser_defense_double/laser_defense_double.json"
    }, 
    "BasicLandDefenseSingle": {
      "spec_id": "/pa/units/land_combat/laser_defense_single/laser_defense_single.json"
    }, 
    "BasicMetalExtractor": {
      "spec_id": "/pa/units/land_econ/metal_extractor/metal_extractor.json"
    }, 
    "BasicNavalDefense": {
      "spec_id": "/pa/units/surfacenaval_combat/torpedo_launcher/torpedo_launcher.json"
    }, 
    "BasicNavalFabber": {
      "spec_id": "/pa/units/surfacenaval_units/fabrication_ship/fabrication_ship.json"
    }, 
    "BasicNavalFactory": {
      "spec_id": "/pa/units/surfacenaval_econ/naval_factory/naval_factory.json"
    }, 
    "BasicRadar": {
      "spec_id": "/pa/units/land_utility/radar/radar.json"
    }, 
    "BasicRadarSattelite": {
      "spec_id": "/pa/units/orbital_units/radar_satellite/radar_satellite.json"
    }, 
    "BasicVehicleFabber": {
      "spec_id": "/pa/units/land_vehicles/fabrication_vehicle/fabrication_vehicle.json"
    }, 
    "BasicVehicleFactory": {
      "spec_id": "/pa/units/land_econ/vehicle_factory/vehicle_factory.json"
    }, 
    "Battleship": {
      "spec_id": "/pa/units/surfacenaval_units/battleship/battleship.json"
    }, 
    "BombBot": {
      "spec_id": "/pa/units/land_bots/bot_bomb/bot_bomb.json"
    }, 
    "Commander": {
      "unit_types": "Commander"
    }, 
    "DeepSpaceRadar": {
      "spec_id": "/pa/units/land_utility/deep_space_radar/deep_space_radar.json"
    }, 
    "Destroyer": {
      "spec_id": "/pa/units/surfacenaval_units/destroyer/destroyer.json"
    }, 
    "EnergyStorage": {
      "spec_id": "/pa/units/land_econ/energy_storage/energy_storage.json"
    }, 
    "Frigate": {
      "spec_id": "/pa/units/surfacenaval_units/frigate/frigate.json"
    }, 
    "LandScout": {
      "spec_id": "/pa/units/land_vehicles/vehicle_scout/vehicle_scout.json"
    }, 
    "LightLaserTank": {
      "spec_id": "/pa/units/land_vehicles/tank_cannon/tank_cannon.json"
    }, 
    "LongRangeArtillery": {
      "spec_id": "/pa/units/land_combat/artillery_long/artillery_long.json"
    }, 
    "MetalStorage": {
      "spec_id": "/pa/units/land_econ/metal_storage/metal_storage.json"
    }, 
    "MissleShip": {
      "spec_id": "/pa/units/surfacenaval_units/missile_ship/missile_ship.json"
    }, 
    "NukeMissile": {
      "spec_id": "/pa/units/land_combat/nuke_launcher/nuke_launcher_strat_ammo.json"
    }, 
    "TacNukeMissile": {
      "spec_id": "/pa/units/land_combat/nuke_launcher/nuke_launcher_tac_ammo.json"
    }, 
    "NukeSilo": {
      "spec_id": "/pa/units/land_combat/nuke_launcher/nuke_launcher.json"
    }, 
    "OrbitalDeathLaser": {
      "spec_id": "/pa/units/orbital_units/orbital_bombardment_platform/orbital_bombardment_platform.json"
    }, 
    "OrbitalFabber": {
      "spec_id": "/pa/units/orbital_units/orbital_fabrication_satellite/orbital_fabrication_satellite.json"
    }, 
    "OrbitalFactory": {
      "spec_id": "/pa/units/orbital_structures/orbital_factory/orbital_factory.json"
    }, 
    "OrbitalMissile": {
      "spec_id": "/pa/units/orbital_units/orbital_missile/orbital_missile.json"
    }, 
    "OrbitalDefenseSatellite": {
      "spec_id": "/pa/units/orbital_units/defense_satellite/defense_satellite.json"
    }, 
    "OrbitalJig": {
      "spec_id": "/pa/units/orbital_structures/mining_platform/mining_platform.json"
    }, 
    "OrbitalLander": {
      "spec_id": "/pa/units/orbital_units/orbital_transport/orbital_transport.json"
    }, 
    "OrbitalLauncher": {
      "spec_id": "/pa/units/land_econ/orbital_launcher/orbital_launcher.json"
    }, 
    "OrbitalSniper": {
      "spec_id": "/pa/units/orbital_units/orbital_sniper/orbital_sniper.json"
    }, 
    "PlanetEngine": {
      "spec_id": "/pa/units/land_utility/delta_v_engine/delta_v_engine.json"
    }, 
    "SolarArray": {
      "spec_id": "/pa/units/orbital_structures/solar_array/solar_array.json"
    }, 
    "TML": {
      "spec_id": "/pa/units/land_combat/tactical_missile_launcher/tactical_missile_launcher.json"
    }, 
    "TMLBot": {
      "spec_id": "/pa/units/land_bots/bot_tactical_missile/bot_tactical_missile.json"
    }, 
    "Teleporter": {
      "spec_id": "/pa/units/land_utility/teleporter/teleporter.json"
    }, 
    "Umbrella": {
      "spec_id": "/pa/units/land_combat/ion_defense/ion_defense.json"
    }, 
    "Wall": {
      "spec_id": "/pa/units/land_combat/land_barrier/land_barrier.json"
    }
  }
}