{
  "TEMP_texelinfo": 32.1806, 
  "area_build_separation": 50, 
  "area_build_type": "Sphere", 
  "atrophy_cool_down": 15.0, 
  "atrophy_rate": 29.16667, 
  "base_spec": "/pa/units/land_combat/base_structure/base_structure.json", 
  "build_metal_cost": 200, 
  "command_caps": [
    "ORDER_Attack"
  ], 
  "description": "Anti-Orbital Suppression Cannon: A low-damage Ion Cannon. Weak vs Heavy & Swarm", 
  "display_name": "Umbrella", 
  "events": {
    "build_complete": {
      "audio_cue": "/SE/Build_Complete/structure_small"
    }, 
    "died": {
      "effect_spec": "/pa/effects/specs/default_building_explosion.pfx",
      "audio_cue": "/SE/Death/structure_small", 
      "effect_scale": 1.3
    }, 
    "fired": {
      "audio_cue": "/SE/Weapons/orb/umbrella_laser_fire", 
      "effect_spec": "/pa/units/land_combat/ion_defense/ion_defense_muzzle_flash.pfx socket_muzzle"
    }
  }, 
  "guard_layer": "WL_Orbital", 
  "guard_radius": 200, 
  "lamps": [
    {
      "color": [
        1.0, 
        1.0, 
        1.0
      ], 
      "intensity": 5.75, 
      "offset": [
        -8.0, 
        8.0, 
        4.22
      ], 
      "radius": 5.0
    }, 
    {
      "bone": "bone_pitch", 
      "color": [
        1.0, 
        1.0, 
        1.0
      ], 
      "intensity": 2.0, 
      "offset": [
        2.8, 
        -4.8, 
        0
      ], 
      "radius": 8.0
    }, 
    {
      "bone": "bone_pitch", 
      "color": [
        1.0, 
        1.0, 
        1.0
      ], 
      "intensity": 2.0, 
      "offset": [
        -2.8, 
        -4.8, 
        0
      ], 
      "radius": 8.0
    }
  ], 
  "max_health": 800, 
  "mesh_bounds": [
    19, 
    20.6558, 
    15.4
  ], 
  "model": [
    {
      "animtree": "/pa/anim/anim_trees/ion_defense_anim_tree.json", 
      "filename": "/pa/units/orbital/ion_defense/ion_defense.papa", 
      "layer": "WL_LandHorizontal", 
      "skirt_decal": "/pa/effects/specs/skirt_ion_defense.json"
    }, 
    {
      "animtree": "/pa/anim/anim_trees/ion_defense_anim_tree.json", 
      "filename": "/pa/units/sea/ion_defense/ion_defense.papa", 
      "layer": "WL_WaterSurface"
    }
  ], 
  "physics": {
    "collision_layers": "WL_AnyHorizontalGroundOrWaterSurface"
  }, 
  "recon": {
    "observer": {
      "items": [
        {
          "channel": "sight", 
          "layer": "surface_and_air", 
          "radius": 100, 
          "shape": "capsule"
        }, 
        {
          "channel": "sight", 
          "layer": "orbital", 
          "radius": 200, 
          "shape": "capsule"
        }
      ]
    }
  }, 
  "show_in_orbital_layer": false, 
  "spawn_layers": "WL_AnyHorizontalGroundOrWaterSurface", 
  "tools": [
    {
      "aim_bone": "bone_turret", 
      "muzzle_bone": [
        "socket_muzzle"
      ], 
      "spec_id": "/pa/units/land_combat/ion_defense/ion_defense_tool_weapon.json"
    }
  ], 
  "unit_types": [
    "UNITTYPE_Structure", 
    "UNITTYPE_Basic", 
    "UNITTYPE_Defense", 
    "UNITTYPE_OrbitalDefense", 
    "UNITTYPE_CmdBuild",
    "UNITTYPE_FabBuild",
	"UNITTYPE_CombatFabAdvBuild"
  ]
}