{
    "base_spec": "/pa/ammo/base_ammo/base_ammo.json",
    "flight_type": "Direct",
    "model": {
        "filename": ""
    },
    "fx_trail": {
        "filename": "/pa/effects/laser/turbo.pfx"
    },
    "events": {
        "died": {
            "audio_cue": "/SE/Impacts/laser_blast",
            "effect_specs": "/pa/effects/specs/default_proj_explosion.pfx"
        }
    },
    "physics": {
        "radius": 1,
        "push_class": 1,
        "gravity_scalar": 1,
        "ignore_gravity": true
    },
    "damage": 200,
    "splash_damage": 0,
    "splash_radius": 1,
    "lifetime": 2,
    "initial_velocity": 500,
    "max_velocity": 500
}