{"blend_root":{"type":"unit_state","nodes":{"being_built":{"type":"bind_pose"},"living":{"type":"walk","node_idle":{"type":"bind_pose"},"node_walk":{"type":"playback","anim_name":"run"}},"dead":{"type":"bind_pose"},"ghost":{"type":"bind_pose"}}},"skeleton_controls":[{"type":"fader","lerp_func":"is_active","child":{"type":"procedural_aim","rotation_bone":"bone_turret","rotation_axis":"z"}},{"type":"fader","lerp_func":"is_active","child":{"type":"procedural_aim","rotation_bone":"bone_pivot","rotation_axis":"x"}},{"type":"fader","lerp_func":"is_dead","child":{"type":"giblet","bone":"bone_turret","velocity":[0,5,15],"velocity_range":[10,10,5],"angular_velocity":[0,0,0],"angular_velocity_range":[100,360,20],"gravity":20,"drag":0.5}}]}