{
    "base_spec": "/pa/units/land_vehicles/base_vehicle/base_vehicle.json",
    "display_name": "Skitter",
	"display_group": 80,
    "display_index": 80,
    "description": "Light Raider Car: A very swift scout with rapid-fire laser. Weak vs Long-Range & Assault",
    "max_health": 300,
    "build_metal_cost": 180,
    "attachable": {
        "offsets": {
            "root": [
                0,
                0,
                0
            ],
            "head": [
                0,
                -0.2,
                1.6
            ]
        }
    },
    "command_caps": [
        "ORDER_Move",
        "ORDER_Patrol",
        "ORDER_Assist",
        "ORDER_Use"
    ],
    "unit_types": [
        "UNITTYPE_Tank",
        "UNITTYPE_Scout",
        "UNITTYPE_Mobile",
        "UNITTYPE_Land",
        "UNITTYPE_Basic",
        "UNITTYPE_FactoryBuild",
        "UNITTYPE_CannonBuildable"
    ],
    "transportable": {
        "size": 1
    },
    "guard_layer": "WL_LandHorizontal",
	"guard_radius": 50,
    "navigation": {
        "type": "land-small",
        "acceleration": 150,
        "brake": 200,
        "move_speed": 20,
        "turn_speed": 180
    },
    "physics": {
        "radius": 3,
        "push_class": 50
    },
    "recon": {
        "observer": {
            "items": [
                {
                    "layer": "surface_and_air",
                    "channel": "sight",
                    "shape": "capsule",
                    "radius": 150
                }
            ]
        }
    },
    "model": {
        "filename": "/pa/units/land_vehicles/vehicle_scout/vehicle_scout.papa",
        "animations": {
            "drive": "/pa/units/land_vehicles/vehicle_scout/vehicle_scout_anim_drive.papa"
        },
        "animtree": "/pa/anim/anim_trees/vehicle_scout_anim_tree.json",
        "arrows": 5
    },
	"tools": [
    {
      "aim_bone": "bone_turret",
      "spec_id": "/pa/units/land_vehicles/vehicle_scout/vehicle_scout_tool_weapon.json",
      "muzzle_bone": "socket_muzzle"
    }
  ],
    "events": {
        "build_complete": {
            "audio_cue": "/SE/Build_Complete/veh"
        },
        "fired": {
            "audio_cue": "/SE/Weapons/veh/land_scout_fire",
            "effect_spec": "/pa/effects/specs/default_small_muzzle_flash.pfx socket_muzzle"
        },
        "died": {
            "audio_cue": "/SE/Death/Veh_small",
            "effect_scale": 1
        }
    },
    "audio": {
        "loops": {
            "move": {
                "cue": "/SE/Movement/veh/land_scout_loop",
                "flag": "vel_changed",
                "should_start_func": "is_moving",
                "should_stop_func": "is_not_moving"
            }
        },
        "selection_response": {
            "cue": "/SE/Selection/veh/land_scout"
        }
    },
    "TEMP_texelinfo": 4.03457,
	"wreckage_health_frac": 1,
    "mesh_bounds": [
        3.5,
        4.5,
        2
    ]
}