{
	"base_spec": "/pa/tools/base_tool/base_turret.json",
    "tool_type": "TOOL_Weapon",
    "ammo_id": "/pa/units/land_econ/unit_cannon/unit_cannon_deploy.json",
    "ammo_source": "factory",
    "force_fire_from_muzzle": true,
    "standard_deviation": 25,
    "idle_aim_delay": 5,
    "rate_of_fire": 1,
    "max_range": 5000,
    "yaw_rate": 30,
    "pitch_rate": 15,
    "yaw_range": 180,
    "pitch_range": 180,
    "firing_arc_yaw": 1,
    "firing_arc_pitch": 1,
    "default_firing_pitch": -65,
    "manual_fire": true,
    "carpet_fire": true,
    "auto_attack": false,
    "auto_task_type": "none",
    "target_layers": [
        "WL_LandHorizontal"
    ]
}