{
  "base_spec": "/pa/units/surfacenaval_combat/base_structure/base_structure.json",
  "display_name": "Torpedo Launcher",
  "description": "Short-Range Riot-Control Torpedo Launcher: An area denial torpedo launcher. Weak vs Long-Range & Heavy-Hitting",
  "display_group": 50,
  "display_index": 70,
  "max_health": 1750,
  "build_metal_cost": 375,
  "spawn_layers": "WL_WaterSurface",
  "area_build_separation": 18,
  "unit_types": [
    "UNITTYPE_Structure",
    "UNITTYPE_Basic",
    "UNITTYPE_Naval",
    "UNITTYPE_Defense",
    "UNITTYPE_CmdBuild",
    "UNITTYPE_FabBuild"
  ],
  "guard_radius": 250,
  "guard_layer": "WL_WaterSurface",
  "command_caps": [
    "ORDER_Attack"
  ],
  "events": {
    "build_complete": {
      "audio_cue": "/SE/Build_Complete/sea"
    },
    "died": {
      "audio_cue": "/SE/Death/Sea"
    },
    "fired": {
      "audio_cue": "/SE/Weapons/sea/torpedo_fire"
    }
  },
  "model": {
    "filename": "/pa/units/sea/torpedo_launcher/torpedo_launcher.papa",
    "animations": {
      "idle": "/pa/units/sea/torpedo_launcher/torpedo_launcher_anim_idle.papa"
    },
    "animtree": "/pa/anim/anim_trees/torpedo_launcher_anim_tree.json"
  },
  "tools": [
    {
      "spec_id": "/pa/units/surfacenaval_combat/torpedo_launcher/torpedo_launcher_tool_weapon.json",
      "aim_bone": "bone_turret",
      "muzzle_bone": [
        "socket_rightMuzzle",
        "socket_leftMuzzle"
      ]
    }
  ],
  "recon": {
    "observer": {
      "items": [
        {
          "layer": "surface_and_air",
          "channel": "sight",
          "shape": "capsule",
          "radius": 150
        }
      ]
    }
  },
  "mesh_bounds": [
    10.413,
    8.25399,
    9.09458
  ],
  "TEMP_texelinfo": 10.4007
}