{
  "ammo_id": "/pa/units/commanders/base_commander/base_commander_ammo.json", 
  "auto_attack": true, 
  "base_spec": "/pa/tools/laser/light.json", 
  "idle_aim_delay": 5, 
  "max_range": 100, 
  "pitch_range": 20, 
  "pitch_rate": 360, 
  "rate_of_fire": 1, 
  "target_layers": [
    "WL_LandHorizontal", 
    "WL_Seafloor", 
    "WL_WaterSurface", 
    "WL_Air"
  ], 
  "target_priorities": [
    "Mobile - Air", 
    "Structure - Wall", 
    "Mobile"
  ], 
  "yaw_range": 180, 
  "yaw_rate": 360
}