{
  "base_spec": "/pa/tools/base_tool/base_turret.json",
  "ammo_id": "/pa/ammo/artillery/monster.json",
  "ammo_source": "energy",
  "max_firing_velocity": 1200,
  "min_firing_velocity": 600,
  "firing_standard_deviation": 5,
  "rate_of_fire": 0.1,
  "max_range": 1200,
  "yaw_rate": 10,
  "pitch_rate": 10,
  "yaw_range": 360,
  "firing_arc_yaw": 2,
  "firing_arc_pitch": 2,
  "pitch_range": 89,
  "auto_attack": true,
  "target_layers": [
    "WL_LandHorizontal",
    "WL_Seafloor",
    "WL_WaterSurface"
  ]
}