{
	"build_list": [
        {
            "name": "Land Scout Platoon",
            "to_build": "Land_Scout",
            "instance_count": 5,
            "priority": 100,
            "build_conditions": [
                [
                    {
                        "test_type": "UnitPoolCount",
                        "unit_type_string0": "Land & Scout",
                        "compare0": ">=",
                        "value0": 1
                    }
                ]
            ],
            "task_type": "Scout"
        },
	{
		"name": "Land Transfer To Planet",
		"to_build": "Land_Attack_XLarge",
		"instance_count": 1,
		"priority": 105,
		"build_conditions": [[{
			"test_type": "OtherPlanetNeedsLandUnitAssistance",
			"boolean": true
		},
		{
			"test_type": "CanProvideLandUnitAssistance",
			"boolean": true
		},
		{
			"test_type": "UnitPoolCount",
			"unit_type_string0": "((Tank | Bot) & Mobile) - Fabber - AirDefense - Construction",
			"compare0": ">=",
			"value0": 5
		}]],
		"task_type": "TeleportLandToPlanet"
	},
	{
		"name": "Land Attack Platoon Small",
		"to_build": "Land_Attack_Small",
		"instance_count": -1,
		"priority": 104,
		"build_conditions": [[{
			"test_type": "UnitPoolCount",
			"unit_type_string0": "((Tank | Bot) & Mobile) - Fabber - AirDefense - Construction",
			"compare0": ">=",
			"value0": 1
		},
		{
			"test_type": "CanAttackWithPoolUnitsLand",
			"string0": "WL_AnySurface",
			"string1": "WL_AnySurface",
			"unit_type_string0": "Mobile | Structure"
		}]],
		"task_type": "LandAttack"
	},
	{
		"name": "Land Attack Platoon Medium",
		"to_build": "Land_Attack_Medium",
		"instance_count": -1,
		"priority": 103,
		"build_conditions": [[{
			"test_type": "UnitPoolCount",
			"unit_type_string0": "((Tank | Bot) & Mobile) - Fabber - AirDefense - Construction",
			"compare0": ">=",
			"value0": 4
		},
		{
			"test_type": "CanAttackWithPoolUnitsLand",
			"string0": "WL_AnySurface",
			"string1": "WL_AnySurface",
			"unit_type_string0": "Mobile | Structure"
		}]],
		"task_type": "LandAttack"
	},
	{
		"name": "Land Attack Platoon Large",
		"to_build": "Land_Attack_Large",
		"instance_count": -1,
		"priority": 102,
		"build_conditions": [[{
			"test_type": "UnitPoolCount",
			"unit_type_string0": "((Tank | Bot) & Mobile) - Fabber - AirDefense - Construction",
			"compare0": ">=",
			"value0": 10
		},
		{
			"test_type": "CanAttackWithPoolUnitsLand",
			"string0": "WL_AnySurface",
			"string1": "WL_AnySurface",
			"unit_type_string0": "Mobile | Structure"
		}]],
		"task_type": "LandAttack"
	},
	{
		"name": "Land Attack Platoon XLarge",
		"to_build": "Land_Attack_XLarge",
		"instance_count": -1,
		"priority": 101,
		"build_conditions": [[{
			"test_type": "UnitPoolCount",
			"unit_type_string0": "((Tank | Bot) & Mobile) - Fabber - AirDefense - Construction",
			"compare0": ">=",
			"value0": 20
		},
		{
			"test_type": "CanAttackWithPoolUnitsLand",
			"string0": "WL_AnySurface",
			"string1": "WL_AnySurface",
			"unit_type_string0": "Mobile | Structure"
		}]],
		"task_type": "LandAttack"
	},
	{
		"name": "Land Attack Platoon Max",
		"to_build": "Land_Attack_Max",
		"instance_count": -1,
		"priority": 100,
		"build_conditions": [[{
			"test_type": "UnitPoolCount",
			"unit_type_string0": "((Tank | Bot) & Mobile) - Fabber - AirDefense - Construction",
			"compare0": ">=",
			"value0": 40
		},
		{
			"test_type": "CanAttackWithPoolUnitsLand",
			"string0": "WL_AnySurface",
			"string1": "WL_AnySurface",
			"unit_type_string0": "Mobile | Structure"
		}]],
		"task_type": "LandAttack"
	}]
}