{
    "build_list": [
        {
            "name": "Nuke Silo Platoon",
            "to_build": "Nukes",
            "instance_count": -1,
            "priority": 100,
            "build_conditions": [
                [
                    {
                        "test_type": "UnitPoolCount",
                        "unit_type_string0": "Structure & Nuke",
                        "compare0": ">=",
                        "value0": 1
                    }
                ]
            ],
            "task_type": "Nuke"
        },
        {
            "name": "Artillery Platoon",
            "to_build": "Artillery",
            "instance_count": -1,
            "priority": 100,
            "build_conditions": [
                [
                    {
                        "test_type": "UnitPoolCount",
                        "unit_type_string0": "Structure & (Artillery | Tactical)",
                        "compare0": ">=",
                        "value0": 1
                    }
                ]
            ],
            "task_type": "Artillery"
        }
    ]
}