{
  "base_spec": "/pa/tools/base_tool/base_turret.json",
  "ammo_id": "/pa/ammo/cannon/mass_driver.json",
  "rate_of_fire": 1,
  "idle_aim_delay": 5,
  "max_range": 200,
  "ammo_source": "energy",
  "ammo_capacity": 10000,
  "ammo_demand": 1000,
  "ammo_per_shot": 10000,
  "yaw_rate": 90,
  "pitch_rate": 45,
  "yaw_range": 180,
  "pitch_range": 80,
  "spread_fire": true,
  "target_layers": [
    "WL_LandHorizontal",
    "WL_Seafloor",
    "WL_WaterSurface"
  ],
  "target_priorities": [
    "Mobile - Air",
    "Naval",
    "Structure - Wall",
    "Wall",
    "Air"
  ]
}