{
  "ammo_id": "/pa/units/land_combat/nuke_launcher/nuke_launcher_strat_ammo.json", 
  "ammo_source": "factory", 
  "auto_attack": false, 
  "auto_task_type": "none", 
  "base_spec": "/pa/tools/large_missile/nuke_strat.json", 
  "firing_arc_pitch": 180, 
  "firing_arc_yaw": 180, 
  "lifetime": 60, 
  "manual_fire": true, 
  "max_range": 5000, 
  "pitch_range": 180, 
  "pitch_rate": 0, 
  "rate_of_fire": 1, 
  "target_layers": [
    "WL_LandHorizontal", 
    "WL_WaterSurface"
  ], 
  "yaw_range": 180, 
  "yaw_rate": 0
}