{
  "audio_loop": "/SE/Movement/missile/nuke_missile_fly_loop", 
  "base_spec": "/pa/ammo/large_missile/nuke_tac.json", 
  "build_metal_cost": 2500, 
  "burn_damage": 200, 
  "burn_radius": 90, 
  "collision_check": "ground", 
  "cruise_height": 100, 
  "damage": 5000, 
  "damage_volume": {
    "burnable_remove_radius": 70, 
    "delay": 10, 
    "initial_radius": 10, 
    "radius_accel": 30, 
    "radius_velocity": 40
  }, 
  "description": "ICBM-64 -Silencer- Missile", 
  "display_name": "Tactical Nuke", 
  "flight_type": "Staged", 
  "full_damage_splash_radius": 10, 
  "fx_trail": {
    "filename": "/pa/units/air/missile_nuke/missile_nuke_trail.pfx", 
    "offset": [
      0, 
      6, 
      0
    ]
  }, 
  "gravwell_velocity_multiplier": 20, 
  "impact_decals": [
    "/pa/effects/large_missile/nuke_tac_scorch.json"
  ], 
  "initial_velocity": 40, 
  "interplanetary_type": "INTER_System", 
  "lifetime": 0, 
  "max_velocity": 75, 
  "model": {
    "filename": "/pa/ammo/large_missile/nuke_tac.papa"
  }, 
  "physics": {
    "add_to_spatial_db": true, 
    "allow_underground": true, 
    "gravity_scalar": 3, 
    "ignore_gravity": true, 
    "push_class": 1, 
    "radius": 10
  }, 
  "show_strategic_icon": true, 
  "sim_impact_effect": "/pa/effects/large_missile/nuke_tac_ent.json", 
  "spawn_layers": "WL_Air", 
  "splash_damage": 1500, 
  "splash_damages_allies": true, 
  "splash_radius": 50, 
  "stages": [
    {
      "ignores_LOS": true, 
      "ignores_gravity": true, 
      "rotates_to_velocity": true, 
      "stage_duration": 600, 
      "stage_turn_rate": 0
    }, 
    {
      "ignores_LOS": true, 
      "ignores_gravity": true, 
      "rotates_to_velocity": true, 
      "stage_change_range": 75, 
      "stage_duration": 0, 
      "stage_turn_rate": 90
    }, 
    {
      "ignores_LOS": false, 
      "ignores_gravity": false, 
      "rotates_to_velocity": true, 
      "stage_duration": 5000, 
      "stage_turn_rate": 360
    }, 
    {
      "ignores_LOS": false, 
      "ignores_gravity": false, 
      "rotates_to_velocity": true, 
      "stage_duration": 5000, 
      "stage_turn_rate": 1080
    }
  ], 
  "system_velocity_multiplier": 20, 
  "turn_rate": 180, 
  "unit_types": [
    "UNITTYPE_Mobile", 
    "UNITTYPE_Orbital"
  ]
}