{
  "base_spec": "/pa/ammo/large_missile/nuke_strat.json", 
  "build_metal_cost": 12000, 
  "burn_damage": 200, 
  "burn_radius": 175, 
  "cruise_height": 100, 
  "damage": 10000, 
  "damage_volume": {
    "burnable_remove_radius": 100, 
    "delay": 1, 
    "initial_radius": 20, 
    "radius_accel": 100, 
    "radius_velocity": 50
  }, 
  "description": "IPBM-96 -Pacifier- Missile", 
  "display_name": "Strategic Nuke", 
  "enable_orbital_shell": true, 
  "full_damage_splash_radius": 100, 
  "gravwell_velocity_multiplier": 20, 
  "impact_decals": [
    "/pa/effects/large_missile/nuke_strat_scorch.json"
  ], 
  "initial_velocity": 40, 
  "interplanetary_type": "INTER_System", 
  "lifetime": 0, 
  "max_velocity": 75, 
  "model": {
    "filename": "/pa/units/air/missile_nuke/missile_nuke.papa"
  }, 
  "show_in_orbital_layer": true, 
  "show_strategic_icon": true, 
  "sim_impact_effect": "/pa/effects/large_missile/nuke_strat_ent.json", 
  "spawn_layers": "WL_Air", 
  "splash_damage": 2250, 
  "splash_damages_allies": true, 
  "splash_radius": 150, 
  "system_velocity_multiplier": 20, 
  "turn_rate": 180
}