{
  "base_spec": "/pa/ammo/base_ammo/base_ammo.json",
  "ammo_type": "Projectile",
  "audio_loop": "/SE/Weapons/commander/Commander_uber_cannon_fire",
  "fx_trail": {
    "filename": "/pa/effects/specs/uber_proj_trail.pfx",
    "offset": [
      0,
      0.8,
      0
    ]
  },
  "physics": {
    "radius": 10,
    "push_class": 1,
    "allow_underground": true
  },
  "events": {
    "died": {
      "audio_cue": "/SE/Impacts/cannon_uber",
      "effect_spec": "/pa/effects/specs/uber_proj_explosion.pfx"
    }
  },
  "flight_type": "Seeking",
  "turn_rate": 180,
  "damage": 10000,
  "splash_damage": 2500,
  "splash_radius": 20,
  "full_damage_splash_radius": 5,
  "lifetime": 5,
  "initial_velocity": 100,
  "max_velocity": 100,
  "burn_damage": 200,
  "burn_radius": 15,
  "armor_damage_map": {
    "AT_Structure": 0.75,
    "AT_Commander": 0.25
  }
}