{
  "TEMP_texelinfo": 7.54279, 
  "attachable": {
    "offsets": {
      "root": [
        0, 
        0, 
        0
      ]
    }
  }, 
  "audio": {
    "loops": {
      "build": {
        "cue": "/SE/Construction/Fab_contruction_beam_loop_orbital", 
        "flag": "build_target_changed", 
        "should_start_func": "has_build_target", 
        "should_stop_func": "no_build_target"
      }, 
      "move": {
        "cue": "/SE/Movement/air/fab_air_loop", 
        "flag": "vel_changed", 
        "should_start_func": "is_moving", 
        "should_stop_func": "is_not_moving"
      }
    }
  }, 
  "base_spec": "/pa/units/orbital_units/base_orbital/base_orbital.json", 
  "build_metal_cost": 750, 
  "buildable_types": "FabOrbBuild", 
  "command_caps": [
    "ORDER_Move", 
    "ORDER_Patrol", 
    "ORDER_Build", 
    "ORDER_Reclaim", 
    "ORDER_Repair", 
    "ORDER_Assist", 
    "ORDER_Use"
  ], 
  "description": "Orbital Fabrication Satellite: Builds Orbital satellites and ships", 
  "display_name": "Orbital Fabrication Satellite", 
  "events": {
    "build_complete": {
      "audio_cue": "/SE/Build_Complete/fab_orbital"
    }, 
    "died": {
      "audio_cue": "/SE/Death/orbital"
    }
  }, 
  "fx_offsets": [
    {
      "bone": "bone_nozzle", 
      "filename": "/pa/effects/specs/fab_spray.pfx", 
      "offset": [
        1.755, 
        0, 
        0
      ], 
      "orientation": [
        0, 
        0, 
        -90
      ], 
      "type": "build"
    }
  ], 
  "gravwell_velocity_multiplier": 6.0, 
  "guard_layer": "WL_Orbital", 
  "guard_radius": 120, 
  "max_health": 100, 
  "mesh_bounds": [
    20, 
    10, 
    21
  ], 
  "model": {
    "animations": {
      "closed": "/pa/units/orbital/orbital_fabrication_bot/orbital_fabrication_bot_anim_closed.papa", 
      "deploy": "/pa/units/orbital/orbital_fabrication_bot/orbital_fabrication_bot_anim_deploy.papa", 
      "open": "/pa/units/orbital/orbital_fabrication_bot/orbital_fabrication_bot_anim_open.papa"
    }, 
    "animtree": "/pa/anim/anim_trees/orbital_fabrication_bot_anim_tree.json", 
    "filename": "/pa/units/orbital/orbital_fabrication_bot/orbital_fabrication_bot.papa"
  }, 
  "navigation": {
    "acceleration": 10, 
    "aggressive_behavior": "circle", 
    "aggressive_distance": 120, 
    "bank_factor": 10, 
    "brake": 10, 
    "hover_time": -1.0, 
    "move_speed": 20, 
    "turn_speed": 75, 
    "type": "orbital"
  }, 
  "physics": {
    "push_class": 15, 
    "radius": 5
  }, 
  "recon": {
    "observer": {
      "items": [
        {
          "channel": "radar", 
          "layer": "surface_and_air", 
          "radius": 100, 
          "shape": "capsule"
        }, 
        {
          "channel": "sight", 
          "layer": "orbital", 
          "radius": 100, 
          "shape": "capsule"
        }
      ]
    }
  }, 
  "spawn_layers": "WL_Orbital", 
  "tools": [
    {
      "aim_bone": "bone_root", 
      "spec_id": "/pa/units/orbital_units/orbital_fabrication_satellite/orbital_fabrication_satellite_build_arm.json"
    }
  ], 
  "transportable": {
    "size": 1
  }, 
  "unit_types": [
    "UNITTYPE_Orbital", 
    "UNITTYPE_Fabber", 
    "UNITTYPE_Construction", 
    "UNITTYPE_Mobile", 
    "UNITTYPE_Basic",
	"UNITTYPE_FactoryBuild"
  ]
}